Motif_A;Motif_B;Rule
AGGSRPQ;AGGSRQ;shared_substring>=5
AGPAVGVI;IKAGPAV;shared_substring>=5
AKAKAAK;ALKAIAKAAKKLL;shared_substring>=5
CINGKCKC;KCINGVCC;ratio>=0.70
CKCTKDC;CKJTKTC;hamming<=2
FLSLFL;FVYVLIJFLSLF;shared_substring>=5
FLSLFL;IJFLSLFLVV;substring
FTLKKS;MFTLKKSL;substring
FVYVLIJFLSLF;IJFLSLFLVV;shared_substring>=5
GTCDLLS;TCDLLS;substring
ILKFVYA;MAKILKFVY;shared_substring>=5
KKLEKLAKKI;LKKLLKKLKK;ratio>=0.70
KLKLLCKLKK;LKKLLKKLKK;ratio>=0.70
MAKILK;MAKILKFVY;substring
MAKILK;MAQISK;hamming<=2
PRPRPPPR;PRPXPPPPRPPRPPP;shared_substring>=5
RIRVAVIR;RVAVIRA;shared_substring>=5
VVAATY;VVAATYVL;substring
